Company Name,Company Link,Locations,Service Speciality List,Team Size,Founding Year,Hourly Rate
Incrementors Web Solutions,https://techbehemoths.com/company/incrementors-web-solutions,"Sacramento,  United States","SEO
Web Design",50-249,2012,$30-70/h
Labnify,https://techbehemoths.com/company/Labnify,"Albuquerque,  United States","Email Marketing
Conversion Optimization",10-49,2020,$150-250/h
MONGID | Software House,https://techbehemoths.com/company/mongid,"Ramallah,  Palestinian Territory","Custom Software Development
Web Development
UX/UI Design
Cybersecurity
E-Commerce Development
Web Design
Graphic Design
SEO
Application Management & Support
Mobile App Development",2-9,2017,$30-70/h
Andersen,https://techbehemoths.com/company/andersen,"Warsaw,  Poland","Mobile App Development
Web Development
UX/UI Design
Custom Software Development
BI & Big Data Consulting
Cybersecurity
E-Commerce Development
IoT Development
Artificial Intelligence
Application Testing","1,000-9,999",2007,$70-150/h
Newwave Solutions,https://techbehemoths.com/company/newwave-solutions,"Hanoi,  Vietnam","Web Development
Mobile App Development
Web Design
IT Staff Augmentation
UX/UI Design
IT Strategy Consulting
Blockchain
CRM Consulting
ERP Consulting
IoT Development",50-249,2011,$30-70/h
Crocoapps,https://techbehemoths.com/company/crocoapps,"New York,  United States","Web Development
Mobile App Development
SEO
Web Design
UX/UI Design
AR/VR Development
Blockchain
SMM
CRM Consulting
Custom Software Development",50-249,2015,<$30/h
Glorium Technologies,https://techbehemoths.com/company/glorium-technologies,"New Jersey,  United States","Custom Software Development
Web Development
Mobile App Development",50-249,2010,$30-70/h
SolidBrain,https://techbehemoths.com/company/solidbrain,"Tampa,  United States","Web Development
Custom Software Development
E-Commerce Development
Web Design
Mobile App Development
UX/UI Design",50-249,2014,$30-70/h
Saint Rollox Digital,https://techbehemoths.com/company/saint-rollox-digital,"Newtown,  Australia","SEO
Web Design
Web Development
E-Commerce Development
Artificial Intelligence
Content Marketing
Email Marketing
Pay Per Click
Cybersecurity
Digital Marketing",Freelancer,2019,$70-150/h
QArea,https://techbehemoths.com/company/qarea,"Lviv,  Ukraine","Custom Software Development
Web Development
E-Commerce Development
Web Design
UX/UI Design
Mobile App Development
Application Testing",250-999,2001,$30-70/h
Seasia Infotech,https://techbehemoths.com/company/seasia-infotech,"Emeryville,  United States","Custom Software Development
Web Development
Mobile App Development
IT Staff Augmentation
Application Management & Support
Enterprise App Modernization
IT Managed
E-Commerce Development
Artificial Intelligence
IoT Development",250-999,2000,$30-70/h
Safnah IT Services,https://techbehemoths.com/company/safnah-com-it-services,"Baghdad,  Iraq","Web Development
Mobile App Development
Unified Communications Consulting
Product Design
Graphic Design
Logo Design
Print Design
Packaging Design
Video Production
Broadcast Video",10-49,2013,$70-150/h
Hydralab,https://techbehemoths.com/company/hydralab-llc,"Macungie,  United States","Blockchain
Cloud Consulting
Custom Software Development
Web Development
Mobile App Development
E-Commerce Development
UX/UI Design
Application Testing
Enterprise App Modernization",50-249,2016,$70-150/h
Rocket Systems,https://techbehemoths.com/company/rocket-systems,"Sacramento,  United States","Artificial Intelligence
Custom Software Development
Web Development
Mobile App Development
Blockchain
Web Design
UX/UI Design
IT Strategy Consulting
IT Managed
IT Staff Augmentation",50-249,2018,<$30/h
DigiTrends,https://techbehemoths.com/company/digitrends,"Wilmington,  United States","Mobile App Development
Custom Software Development
CRM Consulting
ERP Consulting
Web Development
E-Commerce Development
AR/VR Development",10-49,2010,$30-70/h
MoogleLabs,https://techbehemoths.com/company/moogle-labs,"Mississauga,  Canada","Artificial Intelligence
Cloud Consulting
Blockchain
Custom Software Development
IoT Development
BI & Big Data Consulting
IT Staff Augmentation
E-Commerce Development
Enterprise App Modernization
Mobile App Development",250-999,2020,$30-70/h
Postjer Group,https://techbehemoths.com/company/postjer-group,"Brighton,  United Kingdom","Web Design
Web Development
E-Commerce Development
Marketing Strategy
SEO
Mobile App Development
UX/UI Design
Artificial Intelligence
IT Consulting
Cybersecurity",10-49,2021,$70-150/h
"TRIARE, LLC",https://techbehemoths.com/company/triare-llc,"Cherkasy,  Ukraine","Web Development
Mobile App Development
Web Design
UX/UI Design
E-Commerce Development
IoT Development
Application Testing",50-249,2015,$30-70/h
Acropolium,https://techbehemoths.com/company/acropolium,"Ceske Budejovice,  Czech Republic","Custom Software Development
Web Development
IT Strategy Consulting
Mobile App Development
Cloud Consulting
Enterprise App Modernization
BI & Big Data Consulting
IT Consulting
E-Commerce Development
IoT Development",50-249,2003,$30-70/h
*instinctools,https://techbehemoths.com/company/instinctools,"Stuttgart,  Germany","Web Development
Web Design
IT Staff Augmentation
Custom Software Development
Mobile App Development
E-Commerce Development
Enterprise App Modernization
UX/UI Design
IT Strategy Consulting
IoT Development",250-999,2000,$30-70/h
Innoventix Solutions,https://techbehemoths.com/company/innoventix-solutions,"Ahmedabad,  India","Mobile App Development
BI & Big Data Consulting
Web Development
Application Management & Support
Web Design
UX/UI Design
IT Consulting
Custom Software Development",10-49,2017,$30-70/h
ZAPTA Technologies,https://techbehemoths.com/company/zapta-technologies,"Lahore,  Pakistan","Custom Software Development
Web Development
IT Staff Augmentation
Mobile App Development
UX/UI Design
IT Consulting
Artificial Intelligence",50-249,2020,$30-70/h
Movadex,https://techbehemoths.com/company/movadex,"Warsaw,  Poland","Web Development
UX/UI Design
Custom Software Development
Mobile App Development
Web Design
Branding
E-Commerce Development
Product Design
Graphic Design
Logo Design",50-249,2016,$30-70/h
Roman.ua,https://techbehemoths.com/company/roman-ua,"Kyiv,  Ukraine","Email Marketing
Pay Per Click
Advertising
SMM
Mobile & App Marketing
Market Research
Marketing Strategy
Other Marketing
Digital Strategy
Conversion Optimization",10-49,2008,$30-70/h
Codment,https://techbehemoths.com/company/codment,"Islandia,  United States","Mobile App Development
Web Design
Web Development
E-Commerce Development
UX/UI Design
Custom Software Development",50-249,2019,$30-70/h
XB Software,https://techbehemoths.com/company/xb-software,"Warsaw,  Poland","Custom Software Development
IT Staff Augmentation
Web Development
UX/UI Design
Mobile App Development
Web Design
E-Commerce Development
Application Testing
Application Management & Support
Enterprise App Modernization",50-249,2008,$30-70/h
Aqaba Digital,https://techbehemoths.com/company/aqaba-technologies,"Clarkston,  United States","Digital Strategy
Pay Per Click
Web Development
SEO
Conversion Optimization
Advertising
UX/UI Design
SMM
Mobile & App Marketing",10-49,2004,$150-250/h
TeaCode.io,https://techbehemoths.com/company/teacode-io,"Warsaw,  Poland","Custom Software Development
Web Development
Mobile App Development
UX/UI Design
Web Design",10-49,2017,$30-70/h
Linnify,https://techbehemoths.com/company/linnify,"Cluj-Napoca,  Romania","Custom Software Development
Artificial Intelligence
Web Design
UX/UI Design
Web Development
Mobile App Development
Corporate Training",10-49,2016,$70-150/h
Creative Brand Design,https://techbehemoths.com/company/cb-website-design,"London,  United Kingdom","Web Design
SEO
Branding
UX/UI Design",10-49,2007,$70-150/h
The DM Lab,https://techbehemoths.com/company/the-dm-lab,"Hereford,  United Kingdom","SEO
Pay Per Click
Web Development
Web Design
Graphic Design
Advertising
Digital Strategy
Email Marketing
Logo Design
Print Design",2-9,2010,$150-250/h
Troy Web Consulting,https://techbehemoths.com/company/troy-web-consulting,"Albany,  United States","Custom Software Development
Mobile App Development
UX/UI Design
Web Development
Web Design
IT Strategy Consulting
Cloud Consulting
E-Commerce Development
Artificial Intelligence
Application Management & Support",10-49,2001,$70-150/h
zeropoint7 Studio,https://techbehemoths.com/company/zeropoint7-studio,"Montgomery,  United States","Branding
Logo Design
Web Design
Print Design
Packaging Design
Graphic Design
UX/UI Design
Product Design",2-9,2018,$70-150/h
Startbit IT Solutions Pvt. Ltd.,https://techbehemoths.com/company/startbit-it-solutions-pvt-ltd,"Wilmington DE,  United States","IT Staff Augmentation
Custom Software Development
Web Development
E-Commerce Development
CRM Consulting
Mobile App Development
Application Management & Support
Web Design
UX/UI Design
Graphic Design",50-249,2008,$30-70/h
SENLA| Software Engineering Laboratory,https://techbehemoths.com/company/senla-software-engineering-laboratory,"Warsaw,  Poland","Custom Software Development
IT Staff Augmentation
IT Consulting
Web Development
Mobile App Development
Blockchain
UX/UI Design
Artificial Intelligence
Application Testing",250-999,2012,$30-70/h
Boylen,https://techbehemoths.com/company/boylen,"Adelaide,  Australia","Web Design
SEO
Logo Design
Graphic Design
Web Development
E-Commerce Development
Digital Strategy
Advertising
Digital Marketing",10-49,1992,$70-150/h
Cubet,https://techbehemoths.com/company/cubet-techno-labs,"Atlanta,  United States","Cloud Consulting
IT Staff Augmentation
IT Consulting
Custom Software Development
Web Development
Mobile App Development
IoT Development
Artificial Intelligence
Application Management & Support
Enterprise App Modernization",50-249,2007,<$30/h
Snotor,https://techbehemoths.com/company/snotor,"Riga,  Latvia","Mobile App Development
Web Development
Artificial Intelligence
IT Staff Augmentation
Custom Software Development
UX/UI Design",50-249,2007,$30-70/h
SOLV.,https://techbehemoths.com/company/solv,"Kyiv,  Ukraine","Branding
Graphic Design
Advertising
Logo Design
Pay Per Click
Market Research
Media Planning & Buying
Digital Strategy
SMM
Web Design",10-49,2018,$30-70/h
Tembosoft Limited,https://techbehemoths.com/company/tembosoft-limited,"Dar Es salaam,  Tanzania","ERP Consulting
Web Development
Custom Software Development
UX/UI Design
IT Managed",10-49,2021,$30-70/h
Evonicsoft FZE LLC,https://techbehemoths.com/company/evonicsoft-fze-llc,"Dubai,  United Arab Emirates","Web Design
E-Commerce Development
Web Development
UX/UI Design
Email Marketing
Logo Design
Pay Per Click
SEO
SMM
Mobile App Development",50-249,2021,<$30/h
WEZOM,https://techbehemoths.com/company/wezom,"Chicago,  United States","Custom Software Development
Web Development
Mobile App Development
Cybersecurity
IT Strategy Consulting
ERP Consulting
Contract Manufacturing
UX/UI Design
Product Design",250-999,1999,$70-150/h
Fingent,https://techbehemoths.com/company/fingent,"White Plains,  United States","Custom Software Development
Web Development
Mobile App Development
Artificial Intelligence
Enterprise App Modernization
UX/UI Design
BI & Big Data Consulting
Cloud Consulting
CRM Consulting
ERP Consulting",250-999,2003,<$30/h
Eagle Alliance Technology Pvt. Ltd,https://techbehemoths.com/company/eagle-alliance-technology-pvt-ltd,"Rawalpindi,  Pakistan","Web Development
E-Commerce Development
Branding
Graphic Design
SEO
Digital Strategy",10-49,2021,$30-70/h
Element Media,https://techbehemoths.com/company/element-media,"Bethlehem,  Palestinian Territory","Custom Software Development
Web Development
Mobile App Development
UX/UI Design
Enterprise App Modernization
Web Design
E-Commerce Development",10-49,2018,$30-70/h
Eagle Alliance Technology Pvt. Ltd,https://techbehemoths.com/company/eagle-alliance-technology-pvt-ltd,"Rawalpindi,  Pakistan","Web Development
E-Commerce Development
Branding
Graphic Design
SEO
Digital Strategy",10-49,2021,$30-70/h
Zensite UX Design Agency,https://techbehemoths.com/company/zensite,"Singapore,  Singapore","Web Design
UX/UI Design
Digital Strategy
Blockchain
Mobile App Development
SEO
Product Design
Web Development
Human Resources
Enterprise App Modernization",10-49,2017,$70-150/h
BEON.tech,https://techbehemoths.com/company/beon-tech-studio,"Buenos Aires,  Argentina","IT Staff Augmentation
Web Development
IT Strategy Consulting
Mobile App Development",50-249,2018,$30-70/h
Real Wisconsin Website Designs,https://techbehemoths.com/company/real-wisconsin-website-designs,"Green Bay,  United States","Web Design
Web Development
SEO
Video Production
Graphic Design
Market Research
Conversion Optimization
Marketing Strategy
Corporate Photography",2-9,2007,$70-150/h
CREST INFOSYSTEMS PVT LTD,https://techbehemoths.com/company/crest-infosystems,"Surat,  India","Cloud Consulting
Custom Software Development
Web Development
Mobile App Development
E-Commerce Development
Enterprise App Modernization
SEO
Web Design
UX/UI Design
Graphic Design",250-999,2010,<$30/h
Redberry,https://techbehemoths.com/company/redberry,"Tbilisi,  Georgia","Custom Software Development
Web Development
UX/UI Design
IT Staff Augmentation
Digital Strategy
Web Design
Product Design
IT Strategy Consulting
IT Consulting
Mobile App Development",50-249,2014,$30-70/h
DeviceBee Technologies,https://techbehemoths.com/company/devicebee-technologies,"Dubai,  United Arab Emirates","Mobile App Development
Web Development
Custom Software Development
Application Management & Support
UX/UI Design
Cloud Consulting
E-Commerce Development
Application Testing
Web Design
Product Design",10-49,2010,$70-150/h
NERDZ LAB,https://techbehemoths.com/company/nerdz-lab,"Tallinn,  Estonia","Web Development
Mobile App Development
UX/UI Design
Artificial Intelligence",50-249,2017,$30-70/h
Upstack Studio,https://techbehemoths.com/company/upstack-studio,"Petaling Jaya,  Malaysia","Mobile App Development
UX/UI Design
Web Development
Custom Software Development
Web Design",10-49,2017,$30-70/h
Yovista,https://techbehemoths.com/company/yovista,"Marrakech,  Morocco","Web Design
Web Development
SEO
Graphic Design
Content Marketing
Mobile App Development
E-Commerce Development",2-9,2016,$30-70/h
DianApps,https://techbehemoths.com/company/dianapps,"Saint Petersburg,  United States","Web Development
Mobile App Development
Web Design
UX/UI Design
Cloud Consulting
CRM Consulting
Blockchain
Custom Software Development
AR/VR Development",50-249,2017,$70-150/h
Five Jars,https://techbehemoths.com/company/five-jars,"Arlington,  United States","Web Development
Web Design
UX/UI Design
IT Strategy Consulting
Custom Software Development",10-49,2017,$70-150/h
Mobiteam GmbH,https://techbehemoths.com/company/mobiteam-gmbh,"Berlin,  Germany","Web Development
Web Design
E-Commerce Development
UX/UI Design
Logo Design",10-49,2014,$70-150/h
VALMAX DIGITAL,https://techbehemoths.com/company/valmax-digital,"Odessa,  Ukraine","Web Design
Web Development
Branding
UX/UI Design
Logo Design
E-Commerce Development",10-49,2020,<$30/h
Startups Realm Technology,https://techbehemoths.com/company/startups-realm-technology-pvt-ltd,"Kathmandu,  Nepal","Web Development
Advertising
Mobile App Development
Cloud Consulting
Artificial Intelligence
IT Strategy Consulting
BI & Big Data Consulting
Blockchain
IoT Development
Cybersecurity",50-249,2021,$30-70/h
BINSTELLAR TECHNOLOGIES Pvt. Ltd.,https://techbehemoths.com/company/binstellar-technologies-pvt-ltd,"Ahmedabad,  India","Web Development
Custom Software Development
Mobile App Development
Web Design
Artificial Intelligence
Graphic Design
Pay Per Click
UX/UI Design
Branding
IT Strategy Consulting",10-49,2017,<$30/h
CDN Solutions Group,https://techbehemoths.com/company/cdn-solutions-group,"Indore,  India","Custom Software Development
Mobile App Development
Blockchain
IT Staff Augmentation
IT Consulting
Web Development
Enterprise App Modernization",250-999,2000,<$30/h
Kuchoriya TechSoft,https://techbehemoths.com/company/kuchoriya-techsoft,"New York,  United States","Mobile App Development
Web Development
IT Staff Augmentation
Custom Software Development
SEO
Digital Marketing
Web Design
E-Commerce Development
AR/VR Development
Artificial Intelligence",50-249,2009,<$30/h
Creative Think Digital,https://techbehemoths.com/company/creative-think-digital,"London,  United Kingdom","Web Development
SEO
Advertising
Marketing Strategy
Other Marketing
Digital Strategy
SMM
Mobile & App Marketing
Pay Per Click
Digital Marketing",10-49,2021,$30-70/h
Silicon Design Studio,https://techbehemoths.com/company/silicon-design-studio,"Texas,  United States","Mobile App Development
Wearable App Development
Web Design
AR/VR Development
Artificial Intelligence
Application Testing
Application Management & Support",50-249,2023,$30-70/h
Magora,https://techbehemoths.com/company/magora,"London,  United Kingdom","Web Development
Mobile App Development
Custom Software Development
AR/VR Development
IoT Development
Artificial Intelligence
UX/UI Design
Wearable App Development
Enterprise App Modernization
Web Design",50-249,2010,$70-150/h
Magora,https://techbehemoths.com/company/magora,"London,  United Kingdom","Web Development
Mobile App Development
Custom Software Development
AR/VR Development
IoT Development
Artificial Intelligence
UX/UI Design
Wearable App Development
Enterprise App Modernization
Web Design",50-249,2010,$70-150/h
Titan Blue Australia,https://techbehemoths.com/company/titan-blue-australia,"Gold Coast,  Australia","Web Design
SMM
Web Development
Pay Per Click
SEO
Branding
Graphic Design
Packaging Design
Business Consulting
Application Management & Support",10-49,2001,$70-150/h
AlamedaDev,https://techbehemoths.com/company/alameda-dev,"Barcelona,  Spain","E-Commerce Development
UX/UI Design
Custom Software Development
Mobile App Development
IoT Development
Artificial Intelligence
Application Testing
Application Management & Support
Enterprise App Modernization",2-9,2009,$30-70/h
INOXOFT,https://techbehemoths.com/company/inoxoft,"Lviv,  Ukraine","Custom Software Development
Web Development
Mobile App Development
Application Testing
UX/UI Design
Artificial Intelligence",50-249,2014,$30-70/h
SOFTSHARK,https://techbehemoths.com/company/softshark,"Yerevan,  Armenia","Cloud Consulting
Artificial Intelligence
Custom Software Development
Web Development
Mobile App Development
Wearable App Development
Warehousing & Distribution
Enterprise App Modernization
Application Management & Support
Application Testing",10-49,2021,$30-70/h
Alto Servicios ComunicaciÃ³n,https://techbehemoths.com/company/alto-servicios-comunicacion,"Granada,  Spain","SEO
Digital Strategy
Web Design
Content Marketing
Pay Per Click
Branding
Digital Marketing",2-9,2006,$30-70/h
AFIVE Digital Agency,https://techbehemoths.com/company/afive-digital-agency,"Seaton Ross,  United Kingdom","SEO
Web Development
E-Commerce Development
Content Marketing
Web Design
UX/UI Design
Logo Design
Mobile App Development
Graphic Design
CRM Consulting",2-9,2005,$30-70/h
Ayatas Technologies,https://techbehemoths.com/company/ayatas-technologies,"Sacramento,  United States","Custom Software Development
Web Development
E-Commerce Development
Web Design
Branding
SEO
Digital Marketing
UX/UI Design
Application Management & Support
Enterprise App Modernization",10-49,2006,$30-70/h
Suncode Co. IT Solutions,https://techbehemoths.com/company/suncode-co-it-solutions,"Erbil,  Iraq","Web Development
SEO
UX/UI Design
Graphic Design
Mobile App Development
IT Managed
Custom Software Development
Web Design
Logo Design
Cybersecurity",10-49,2012,$70-150/h
SynergyTop,https://techbehemoths.com/company/synergytop,"San Diego,  United States","Web Development
Custom Software Development
Mobile App Development
E-Commerce Development
SEO
Application Testing",50-249,2014,$30-70/h
Vinsys IT Corporate Training Company in India,https://techbehemoths.com/company/vinsys-it-corporate-training-company-in-india,"Pune,  India","Corporate Training
Cybersecurity
IT Managed
PR
Translation
Human Resources
Artificial Intelligence
ERP Consulting
Graphic Design
Business Consulting",250-999,1999,<$30/h
WDI - A Mobile App Development Company,https://techbehemoths.com/company/website-developers-india,"Mumbai,  India","Mobile App Development
UX/UI Design
SEO
Graphic Design
Web Development
E-Commerce Development
Web Design
Branding
PR
Mobile & App Marketing",50-249,1999,$70-150/h
SPEC INDIA,https://techbehemoths.com/company/spec-india,"Ahmedabad,  India","Custom Software Development
Mobile App Development
Web Development
UX/UI Design
BI & Big Data Consulting
Application Testing
Enterprise App Modernization
Artificial Intelligence",250-999,1987,<$30/h
SkyFig Technologies,https://techbehemoths.com/company/skyfig-technologies,"Ilorin,  Nigeria","Web Design
Web Development
Mobile App Development
E-Commerce Development
SEO",10-49,2016,$30-70/h
Ideo Software,https://techbehemoths.com/company/ideo-agency,"Rzeszow,  Poland","Custom Software Development
E-Commerce Development
Mobile App Development
Web Development",50-249,1999,$70-150/h
Intuitive Digital,https://techbehemoths.com/company/intuitive-digital,"West Linn,  United States","Digital Strategy
SEO
Web Development
Pay Per Click
SMM
Web Design
Email Marketing
UX/UI Design",10-49,2012,$150-250/h
MSSOFTPC - Award Winning Web Development Company,https://techbehemoths.com/company/mssoftpc-marketplace,"Meerut,  India","Mobile App Development
Advertising
Web Design
UX/UI Design
Custom Software Development
Web Development
E-Commerce Development
Branding
SMM
Mobile & App Marketing",2-9,2020,<$30/h
Afocus Development,https://techbehemoths.com/company/vnited-co,"Ho Chi Minh City,  Vietnam","IT Staff Augmentation
Web Development
E-Commerce Development
Web Design
Mobile App Development
Application Testing
UX/UI Design",10-49,2018,$30-70/h
Tailored Website Design,https://techbehemoths.com/company/tailored-website-design,"San Francisco,  United States","Web Development
Branding
Other Marketing
SMM
SEO
Web Design
UX/UI Design
Logo Design",50-249,2012,$150-250/h
HyperSense Software,https://techbehemoths.com/company/hypersense-software,"Schaumburg,  United States","Custom Software Development
Web Development
Mobile App Development
UX/UI Design
IT Staff Augmentation
IT Strategy Consulting
Wearable App Development
IoT Development
Application Management & Support",50-249,2003,$70-150/h
Wolfpack Digital,https://techbehemoths.com/company/wolfpack-digital,"Cluj-Napoca,  Romania","Mobile App Development
Web Development
UX/UI Design
Custom Software Development
Web Design
IT Strategy Consulting
IT Consulting
E-Commerce Development
IoT Development
Artificial Intelligence",50-249,2015,$70-150/h
Hidden Brains InfoTech,https://techbehemoths.com/company/hidden-brains-infotech,"Ahmedabad,  India","Web Development
Mobile App Development
E-Commerce Development
UX/UI Design
Cloud Consulting
Application Testing
Application Management & Support
Enterprise App Modernization
IoT Development
IT Managed",250-999,2003,$30-70/h
